{
  "logreg": {
    "accuracy": 0.7619047619047619,
    "f1": 0.4444444444444444,
    "roc_auc": 0.7933499870789904
  },
  "rf": {
    "accuracy": 0.8469387755102041,
    "f1": 0.1818181818181818,
    "roc_auc": 0.8030407442501508
  },
  "mlp_sklearn": {
    "accuracy": 0.8707482993197279,
    "f1": 0.4242424242424243,
    "roc_auc": 0.8154018433973641
  },
  "LogReg": {
    "roc_auc": 0.8173163461900411,
    "pr_auc": 0.5627351540266414,
    "f1_opt": 0.5286343607344505,
    "thr_opt": 0.7324081679844514
  },
  "RF": {
    "roc_auc": 0.8051218084942561,
    "pr_auc": 0.5364333693450956,
    "f1_opt": 0.5348399241761944,
    "thr_opt": 0.22
  }
}